Model,RMSE,MAE,MAPE,R2
Gradient Boosting,0.009389203381226372,0.007231743174010493,572.8678325705948,0.18434111531506292
Random Forest,0.009662105548256583,0.007735953453361292,642.5899311293365,0.1362369280054193
Random Walk,170.05225725221226,129.07147177419355,0.7835168387928677,0.9812343186503593
AR(5),170.47252534047797,129.23619012448574,0.7846297381240757,0.9811414488153113
Moving Average,540.6556363582262,446.9037231182796,2.685405416534777,0.8103114987468452
